kota_kabupaten;kecamatan;jumlah_penduduk;kepadatan_penduduk;jumlah_anak(0-17th);jumlah_usia_produktif(15-64th);jumlah_penduduk_pria;jumlah_penduduk_perempuan;jenis_fasilitas_olahraga;jumlah
Jakarta Selatan;Mampang Prapatan;159.772;19.871;44.349;114.514;80.416;78.663;bola voli;1
Jakarta Selatan;Mampang Prapatan;159.772;19.871;44.349;114.514;80.416;78.663;bulu tangkis;19
Jakarta Selatan;Mampang Prapatan;159.772;19.871;44.349;114.514;80.416;78.663;basket;1
Jakarta Selatan;Mampang Prapatan;159.772;19.871;44.349;114.514;80.416;78.663;atletik;1
Jakarta Selatan;Mampang Prapatan;159.772;19.871;44.349;114.514;80.416;78.663;tenis meja;8
Jakarta Selatan;Mampang Prapatan;159.772;19.871;44.349;114.514;80.416;78.663;golf;0
Jakarta Selatan;Mampang Prapatan;159.772;19.871;44.349;114.514;80.416;78.663;senam;2
Jakarta Selatan;Mampang Prapatan;159.772;19.871;44.349;114.514;80.416;78.663;gedung olahraga;1
Jakarta Selatan;Mampang Prapatan;159.772;19.871;44.349;114.514;80.416;78.663;stadion;0
Jakarta Selatan;Mampang Prapatan;159.772;19.871;44.349;114.514;80.416;78.663;gelanggang kecamatan;1
Jakarta Selatan;Mampang Prapatan;159.772;19.871;44.349;114.514;80.416;78.663;gelanggang kotamadya;0
Jakarta Selatan;Pancoran;179.178;20.002;50.084;127.580;88.425;88.294;tenis;15
Jakarta Selatan;Pancoran;179.178;20.002;50.084;127.580;88.425;88.294;sepak bola;8
Jakarta Selatan;Pancoran;179.178;20.002;50.084;127.580;88.425;88.294;kolam renang;3
Jakarta Selatan;Pancoran;179.178;20.002;50.084;127.580;88.425;88.294;bola voli;16
Jakarta Selatan;Pancoran;179.178;20.002;50.084;127.580;88.425;88.294;bulu tangkis;24
Jakarta Selatan;Pancoran;179.178;20.002;50.084;127.580;88.425;88.294;basket;16
Jakarta Selatan;Pancoran;179.178;20.002;50.084;127.580;88.425;88.294;atletik;0
Jakarta Selatan;Pancoran;179.178;20.002;50.084;127.580;88.425;88.294;tenis meja;15
Jakarta Selatan;Pancoran;179.178;20.002;50.084;127.580;88.425;88.294;golf;0
Jakarta Selatan;Pancoran;179.178;20.002;50.084;127.580;88.425;88.294;senam;30
Jakarta Selatan;Pancoran;179.178;20.002;50.084;127.580;88.425;88.294;gedung olahraga;1
Jakarta Selatan;Pancoran;179.178;20.002;50.084;127.580;88.425;88.294;stadion;0
Jakarta Selatan;Pancoran;179.178;20.002;50.084;127.580;88.425;88.294;gelanggang kecamatan;1
Jakarta Selatan;Pancoran;179.178;20.002;50.084;127.580;88.425;88.294;gelanggang kotamadya;0
Jakarta Selatan;Pasar Minggu;335.824;15.375;95.986;238.679;166.754;165.071;tenis;2
Jakarta Selatan;Pasar Minggu;335.824;15.375;95.986;238.679;166.754;165.071;sepak bola;2
Jakarta Selatan;Pasar Minggu;335.824;15.375;95.986;238.679;166.754;165.071;kolam renang;3
Jakarta Selatan;Pasar Minggu;335.824;15.375;95.986;238.679;166.754;165.071;bola voli;8
Jakarta Selatan;Pasar Minggu;335.824;15.375;95.986;238.679;166.754;165.071;bulu tangkis;11
Jakarta Selatan;Pasar Minggu;335.824;15.375;95.986;238.679;166.754;165.071;basket;2
Jakarta Selatan;Pasar Minggu;335.824;15.375;95.986;238.679;166.754;165.071;atletik;2
Jakarta Selatan;Pasar Minggu;335.824;15.375;95.986;238.679;166.754;165.071;tenis meja;1
Jakarta Selatan;Pasar Minggu;335.824;15.375;95.986;238.679;166.754;165.071;golf;0
Jakarta Selatan;Pasar Minggu;335.824;15.375;95.986;238.679;166.754;165.071;senam;8
Jakarta Selatan;Pasar Minggu;335.824;15.375;95.986;238.679;166.754;165.071;gedung olahraga;2
Jakarta Selatan;Pasar Minggu;335.824;15.375;95.986;238.679;166.754;165.071;stadion;1
Jakarta Selatan;Pasar Minggu;335.824;15.375;95.986;238.679;166.754;165.071;gelanggang kecamatan;1
Jakarta Selatan;Pasar Minggu;335.824;15.375;95.986;238.679;166.754;165.071;gelanggang kotamadya;0
Jakarta Selatan;Pesanggrahan;271.443;20.141;79.139;191.360;132.303;132.364;tenis;0
Jakarta Selatan;Pesanggrahan;271.443;20.141;79.139;191.360;132.303;132.364;sepak bola;1
Jakarta Selatan;Pesanggrahan;271.443;20.141;79.139;191.360;132.303;132.364;kolam renang;0
Jakarta Selatan;Pesanggrahan;271.443;20.141;79.139;191.360;132.303;132.364;bola voli;1
Jakarta Selatan;Pesanggrahan;271.443;20.141;79.139;191.360;132.303;132.364;bulu tangkis;4
Jakarta Selatan;Pesanggrahan;271.443;20.141;79.139;191.360;132.303;132.364;basket;1
Jakarta Selatan;Pesanggrahan;271.443;20.141;79.139;191.360;132.303;132.364;atletik;1
Jakarta Selatan;Pesanggrahan;271.443;20.141;79.139;191.360;132.303;132.364;tenis meja;0
Jakarta Selatan;Pesanggrahan;271.443;20.141;79.139;191.360;132.303;132.364;golf;0
Jakarta Selatan;Pesanggrahan;271.443;20.141;79.139;191.360;132.303;132.364;senam;8
Jakarta Selatan;Pesanggrahan;271.443;20.141;79.139;191.360;132.303;132.364;gedung olahraga;1
Jakarta Selatan;Pesanggrahan;271.443;20.141;79.139;191.360;132.303;132.364;stadion;0
Jakarta Selatan;Pesanggrahan;271.443;20.141;79.139;191.360;132.303;132.364;gelanggang kecamatan;1
Jakarta Selatan;Pesanggrahan;271.443;20.141;79.139;191.360;132.303;132.364;gelanggang kotamadya;0
Jakarta Selatan;Setiabudi;117.914;13.119;31.106;84.661;59.021;58.830;tenis;2
Jakarta Selatan;Setiabudi;117.914;13.119;31.106;84.661;59.021;58.830;sepak bola;2
Jakarta Selatan;Setiabudi;117.914;13.119;31.106;84.661;59.021;58.830;kolam renang;1
Jakarta Selatan;Setiabudi;117.914;13.119;31.106;84.661;59.021;58.830;bola voli;10
Jakarta Selatan;Setiabudi;117.914;13.119;31.106;84.661;59.021;58.830;bulu tangkis;20
Jakarta Selatan;Setiabudi;117.914;13.119;31.106;84.661;59.021;58.830;basket;3
Jakarta Selatan;Setiabudi;117.914;13.119;31.106;84.661;59.021;58.830;atletik;1
Jakarta Selatan;Setiabudi;117.914;13.119;31.106;84.661;59.021;58.830;tenis meja;0
Jakarta Selatan;Setiabudi;117.914;13.119;31.106;84.661;59.021;58.830;golf;0
Jakarta Selatan;Setiabudi;117.914;13.119;31.106;84.661;59.021;58.830;senam;15
Jakarta Selatan;Setiabudi;117.914;13.119;31.106;84.661;59.021;58.830;gedung olahraga;1
Jakarta Selatan;Setiabudi;117.914;13.119;31.106;84.661;59.021;58.830;stadion;1
Jakarta Selatan;Setiabudi;117.914;13.119;31.106;84.661;59.021;58.830;gelanggang kecamatan;0
Jakarta Selatan;Setiabudi;117.914;13.119;31.106;84.661;59.021;58.830;gelanggang kotamadya;1
Jakarta Selatan;Tebet;242.255;25.340;65.698;172.409;120.584;121.675;tenis;2
Jakarta Selatan;Tebet;242.255;25.340;65.698;172.409;120.584;121.675;sepak bola;1
Jakarta Selatan;Tebet;242.255;25.340;65.698;172.409;120.584;121.675;kolam renang;1
Jakarta Selatan;Tebet;242.255;25.340;65.698;172.409;120.584;121.675;bola voli;10
Jakarta Selatan;Tebet;242.255;25.340;65.698;172.409;120.584;121.675;bulu tangkis;13
Jakarta Selatan;Tebet;242.255;25.340;65.698;172.409;120.584;121.675;basket;5
Jakarta Selatan;Tebet;242.255;25.340;65.698;172.409;120.584;121.675;atletik;1
Jakarta Selatan;Tebet;242.255;25.340;65.698;172.409;120.584;121.675;tenis meja;8
Jakarta Selatan;Tebet;242.255;25.340;65.698;172.409;120.584;121.675;golf;0
Jakarta Selatan;Tebet;242.255;25.340;65.698;172.409;120.584;121.675;senam;6
Jakarta Selatan;Tebet;242.255;25.340;65.698;172.409;120.584;121.675;gedung olahraga;1
Jakarta Selatan;Tebet;242.255;25.340;65.698;172.409;120.584;121.675;stadion;1
Jakarta Selatan;Tebet;242.255;25.340;65.698;172.409;120.584;121.675;gelanggang kecamatan;2
Jakarta Selatan;Tebet;242.255;25.340;65.698;172.409;120.584;121.675;gelanggang kotamadya;0
Jakarta Timur;Jatinegara;329.713;31.534;93.723;231.945;165.244;163.048;tenis;0
Jakarta Timur;Jatinegara;329.713;31.534;93.723;231.945;165.244;163.048;sepak bola;0
Jakarta Timur;Jatinegara;329.713;31.534;93.723;231.945;165.244;163.048;kolam renang;1
Jakarta Timur;Jatinegara;329.713;31.534;93.723;231.945;165.244;163.048;bola voli;1
Jakarta Timur;Jatinegara;329.713;31.534;93.723;231.945;165.244;163.048;bulu tangkis;2
Jakarta Timur;Jatinegara;329.713;31.534;93.723;231.945;165.244;163.048;basket;1
Jakarta Timur;Jatinegara;329.713;31.534;93.723;231.945;165.244;163.048;atletik;0
Jakarta Timur;Jatinegara;329.713;31.534;93.723;231.945;165.244;163.048;tenis meja;0
Jakarta Timur;Jatinegara;329.713;31.534;93.723;231.945;165.244;163.048;golf;0
Jakarta Timur;Jatinegara;329.713;31.534;93.723;231.945;165.244;163.048;senam;0
Jakarta Timur;Jatinegara;329.713;31.534;93.723;231.945;165.244;163.048;gedung olahraga;0
Jakarta Timur;Jatinegara;329.713;31.534;93.723;231.945;165.244;163.048;stadion;0
Jakarta Timur;Jatinegara;329.713;31.534;93.723;231.945;165.244;163.048;gelanggang kecamatan;0
Jakarta Timur;Jatinegara;329.713;31.534;93.723;231.945;165.244;163.048;gelanggang kotamadya;0
Jakarta Timur;Jatinegara;329.713;31.534;93.723;231.945;165.244;163.048;tenis;0
Jakarta Timur;Jatinegara;329.713;31.534;93.723;231.945;165.244;163.048;sepak bola;0
Jakarta Timur;Jatinegara;329.713;31.534;93.723;231.945;165.244;163.048;kolam renang;0
Jakarta Timur;Jatinegara;329.713;31.534;93.723;231.945;165.244;163.048;bola voli;1
Jakarta Timur;Jatinegara;329.713;31.534;93.723;231.945;165.244;163.048;bulu tangkis;2
Jakarta Timur;Jatinegara;329.713;31.534;93.723;231.945;165.244;163.048;basket;1
Jakarta Timur;Jatinegara;329.713;31.534;93.723;231.945;165.244;163.048;atletik;0
Jakarta Timur;Jatinegara;329.713;31.534;93.723;231.945;165.244;163.048;tenis meja;0
Jakarta Timur;Jatinegara;329.713;31.534;93.723;231.945;165.244;163.048;golf;0
Jakarta Timur;Jatinegara;329.713;31.534;93.723;231.945;165.244;163.048;senam;0
Jakarta Timur;Jatinegara;329.713;31.534;93.723;231.945;165.244;163.048;gedung olahraga;0
Jakarta Timur;Jatinegara;329.713;31.534;93.723;231.945;165.244;163.048;stadion;0
Jakarta Timur;Jatinegara;329.713;31.534;93.723;231.945;165.244;163.048;gelanggang kecamatan;0
Jakarta Timur;Jatinegara;329.713;31.534;93.723;231.945;165.244;163.048;gelanggang kotamadya;0
Jakarta Timur;Duren Sawit;454.735;20.578;131.548;317.440;222.830;223.943;tenis;1
Jakarta Timur;Duren Sawit;454.735;20.578;131.548;317.440;222.830;223.943;sepak bola;1
Jakarta Timur;Duren Sawit;454.735;20.578;131.548;317.440;222.830;223.943;kolam renang;0
Jakarta Timur;Duren Sawit;454.735;20.578;131.548;317.440;222.830;223.943;bola voli;2
Jakarta Timur;Duren Sawit;454.735;20.578;131.548;317.440;222.830;223.943;bulu tangkis;5
Jakarta Timur;Duren Sawit;454.735;20.578;131.548;317.440;222.830;223.943;basket;1
Jakarta Timur;Duren Sawit;454.735;20.578;131.548;317.440;222.830;223.943;atletik;0
Jakarta Timur;Duren Sawit;454.735;20.578;131.548;317.440;222.830;223.943;tenis meja;0
Jakarta Timur;Duren Sawit;454.735;20.578;131.548;317.440;222.830;223.943;golf;0
Jakarta Timur;Duren Sawit;454.735;20.578;131.548;317.440;222.830;223.943;senam;1
Jakarta Timur;Duren Sawit;454.735;20.578;131.548;317.440;222.830;223.943;gedung olahraga;3
Jakarta Timur;Duren Sawit;454.735;20.578;131.548;317.440;222.830;223.943;stadion;1
Jakarta Timur;Duren Sawit;454.735;20.578;131.548;317.440;222.830;223.943;gelanggang kecamatan;1
Jakarta Timur;Duren Sawit;454.735;20.578;131.548;317.440;222.830;223.943;gelanggang kotamadya;0
Jakarta Timur;Jatinegara;329.713;31.534;93.723;231.945;165.244;163.048;tenis;0
Jakarta Timur;Jatinegara;329.713;31.534;93.723;231.945;165.244;163.048;sepak bola;0
Jakarta Timur;Jatinegara;329.713;31.534;93.723;231.945;165.244;163.048;kolam renang;0
Jakarta Timur;Jatinegara;329.713;31.534;93.723;231.945;165.244;163.048;bola voli;0
Jakarta Timur;Jatinegara;329.713;31.534;93.723;231.945;165.244;163.048;bulu tangkis;3
Jakarta Timur;Jatinegara;329.713;31.534;93.723;231.945;165.244;163.048;basket;0
Jakarta Timur;Jatinegara;329.713;31.534;93.723;231.945;165.244;163.048;atletik;0
Jakarta Timur;Jatinegara;329.713;31.534;93.723;231.945;165.244;163.048;tenis meja;0
Jakarta Timur;Jatinegara;329.713;31.534;93.723;231.945;165.244;163.048;golf;0
Jakarta Timur;Jatinegara;329.713;31.534;93.723;231.945;165.244;163.048;senam;0
Jakarta Timur;Jatinegara;329.713;31.534;93.723;231.945;165.244;163.048;gedung olahraga;0
Jakarta Timur;Jatinegara;329.713;31.534;93.723;231.945;165.244;163.048;stadion;0
Jakarta Timur;Jatinegara;329.713;31.534;93.723;231.945;165.244;163.048;gelanggang kecamatan;1
Jakarta Timur;Jatinegara;329.713;31.534;93.723;231.945;165.244;163.048;gelanggang kotamadya;1
Jakarta Timur;Pulogadung;310.267;20.438;85.092;220.304;154.395;155.163;tenis;0
Jakarta Timur;Pulogadung;310.267;20.438;85.092;220.304;154.395;155.163;sepak bola;0
Jakarta Timur;Pulogadung;310.267;20.438;85.092;220.304;154.395;155.163;kolam renang;0
Jakarta Timur;Pulogadung;310.267;20.438;85.092;220.304;154.395;155.163;bola voli;0
Jakarta Timur;Pulogadung;310.267;20.438;85.092;220.304;154.395;155.163;bulu tangkis;5
Jakarta Timur;Pulogadung;310.267;20.438;85.092;220.304;154.395;155.163;basket;2
Jakarta Timur;Pulogadung;310.267;20.438;85.092;220.304;154.395;155.163;atletik;1
Jakarta Timur;Pulogadung;310.267;20.438;85.092;220.304;154.395;155.163;tenis meja;0
Jakarta Timur;Pulogadung;310.267;20.438;85.092;220.304;154.395;155.163;golf;0
Jakarta Timur;Pulogadung;310.267;20.438;85.092;220.304;154.395;155.163;senam;0
Jakarta Timur;Pulogadung;310.267;20.438;85.092;220.304;154.395;155.163;gedung olahraga;1
Jakarta Timur;Pulogadung;310.267;20.438;85.092;220.304;154.395;155.163;stadion;1
Jakarta Timur;Pulogadung;310.267;20.438;85.092;220.304;154.395;155.163;gelanggang kecamatan;1
Jakarta Timur;Pulogadung;310.267;20.438;85.092;220.304;154.395;155.163;gelanggang kotamadya;0
Jakarta Timur;Cakung;591.593;14.334;182.238;415.736;291.027;281.969;tenis;0
Jakarta Timur;Cakung;591.593;14.334;182.238;415.736;291.027;281.969;sepak bola;1
Jakarta Timur;Cakung;591.593;14.334;182.238;415.736;291.027;281.969;kolam renang;0
Jakarta Timur;Cakung;591.593;14.334;182.238;415.736;291.027;281.969;bola voli;0
Jakarta Timur;Cakung;591.593;14.334;182.238;415.736;291.027;281.969;bulu tangkis;3
Jakarta Timur;Cakung;591.593;14.334;182.238;415.736;291.027;281.969;basket;1
Jakarta Timur;Cakung;591.593;14.334;182.238;415.736;291.027;281.969;atletik;0
Jakarta Timur;Cakung;591.593;14.334;182.238;415.736;291.027;281.969;tenis meja;0
Jakarta Timur;Cakung;591.593;14.334;182.238;415.736;291.027;281.969;golf;0
Jakarta Timur;Cakung;591.593;14.334;182.238;415.736;291.027;281.969;senam;0
Jakarta Timur;Cakung;591.593;14.334;182.238;415.736;291.027;281.969;gedung olahraga;0
Jakarta Timur;Cakung;591.593;14.334;182.238;415.736;291.027;281.969;stadion;0
Jakarta Timur;Cakung;591.593;14.334;182.238;415.736;291.027;281.969;gelanggang kecamatan;1
Jakarta Timur;Cakung;591.593;14.334;182.238;415.736;291.027;281.969;gelanggang kotamadya;0
Jakarta Timur;Matraman;191.270;38.455;51.784;136.307;95.417;95.717;tenis;0
Jakarta Timur;Matraman;191.270;38.455;51.784;136.307;95.417;95.717;sepak bola;0
Jakarta Timur;Matraman;191.270;38.455;51.784;136.307;95.417;95.717;kolam renang;0
Jakarta Timur;Matraman;191.270;38.455;51.784;136.307;95.417;95.717;bola voli;1
Jakarta Timur;Matraman;191.270;38.455;51.784;136.307;95.417;95.717;bulu tangkis;4
Jakarta Timur;Matraman;191.270;38.455;51.784;136.307;95.417;95.717;basket;1
Jakarta Timur;Matraman;191.270;38.455;51.784;136.307;95.417;95.717;atletik;0
Jakarta Timur;Matraman;191.270;38.455;51.784;136.307;95.417;95.717;tenis meja;0
Jakarta Timur;Matraman;191.270;38.455;51.784;136.307;95.417;95.717;golf;0
Jakarta Timur;Matraman;191.270;38.455;51.784;136.307;95.417;95.717;senam;0
Jakarta Timur;Matraman;191.270;38.455;51.784;136.307;95.417;95.717;gedung olahraga;0
Jakarta Timur;Matraman;191.270;38.455;51.784;136.307;95.417;95.717;stadion;0
Jakarta Timur;Matraman;191.270;38.455;51.784;136.307;95.417;95.717;gelanggang kecamatan;1
Jakarta Timur;Matraman;191.270;38.455;51.784;136.307;95.417;95.717;gelanggang kotamadya;0
Jakarta Timur;Kramat Jati;323.535;24.226;95.929;227.469;159.753;157.920;tenis;0
Jakarta Timur;Kramat Jati;323.535;24.226;95.929;227.469;159.753;157.920;sepak bola;0
Jakarta Timur;Kramat Jati;323.535;24.226;95.929;227.469;159.753;157.920;kolam renang;0
Jakarta Timur;Kramat Jati;323.535;24.226;95.929;227.469;159.753;157.920;bola voli;0
Jakarta Timur;Kramat Jati;323.535;24.226;95.929;227.469;159.753;157.920;bulu tangkis;2
Jakarta Timur;Kramat Jati;323.535;24.226;95.929;227.469;159.753;157.920;basket;1
Jakarta Timur;Kramat Jati;323.535;24.226;95.929;227.469;159.753;157.920;atletik;0
Jakarta Timur;Kramat Jati;323.535;24.226;95.929;227.469;159.753;157.920;tenis meja;0
Jakarta Timur;Kramat Jati;323.535;24.226;95.929;227.469;159.753;157.920;golf;0
Jakarta Timur;Kramat Jati;323.535;24.226;95.929;227.469;159.753;157.920;senam;0
Jakarta Timur;Kramat Jati;323.535;24.226;95.929;227.469;159.753;157.920;gedung olahraga;0
Jakarta Timur;Kramat Jati;323.535;24.226;95.929;227.469;159.753;157.920;stadion;0
Jakarta Timur;Kramat Jati;323.535;24.226;95.929;227.469;159.753;157.920;gelanggang kecamatan;1
Jakarta Timur;Kramat Jati;323.535;24.226;95.929;227.469;159.753;157.920;gelanggang kotamadya;0
Jakarta Timur;Makasar;228.099;10.606;66.688;161.261;112.786;111.663;tenis;0
Jakarta Timur;Makasar;228.099;10.606;66.688;161.261;112.786;111.663;sepak bola;0
Jakarta Timur;Makasar;228.099;10.606;66.688;161.261;112.786;111.663;kolam renang;0
Jakarta Timur;Makasar;228.099;10.606;66.688;161.261;112.786;111.663;bola voli;0
Jakarta Timur;Makasar;228.099;10.606;66.688;161.261;112.786;111.663;bulu tangkis;4
Jakarta Timur;Makasar;228.099;10.606;66.688;161.261;112.786;111.663;basket;0
Jakarta Timur;Makasar;228.099;10.606;66.688;161.261;112.786;111.663;atletik;0
Jakarta Timur;Makasar;228.099;10.606;66.688;161.261;112.786;111.663;tenis meja;0
Jakarta Timur;Makasar;228.099;10.606;66.688;161.261;112.786;111.663;golf;0
Jakarta Timur;Makasar;228.099;10.606;66.688;161.261;112.786;111.663;senam;0
Jakarta Timur;Makasar;228.099;10.606;66.688;161.261;112.786;111.663;gedung olahraga;0
Jakarta Timur;Makasar;228.099;10.606;66.688;161.261;112.786;111.663;stadion;0
Jakarta Timur;Makasar;228.099;10.606;66.688;161.261;112.786;111.663;gelanggang kecamatan;1
Jakarta Timur;Makasar;228.099;10.606;66.688;161.261;112.786;111.663;gelanggang kotamadya;0
Jakarta Timur;Pasar Rebo;240.991;18.355;71.959;170.36.00;118.458;116.615;tenis;0
Jakarta Timur;Pasar Rebo;240.991;18.355;71.960;171.36.00;118.458;116.615;sepak bola;2
Jakarta Timur;Pasar Rebo;240.991;18.355;71.961;172.36.00;118.458;116.615;kolam renang;0
Jakarta Timur;Pasar Rebo;240.991;18.355;71.962;173.36.00;118.458;116.615;bola voli;1
Jakarta Timur;Pasar Rebo;240.991;18.355;71.963;174.36.00;118.458;116.615;bulu tangkis;3
Jakarta Timur;Pasar Rebo;240.991;18.355;71.964;175.36.00;118.458;116.615;basket;1
Jakarta Timur;Pasar Rebo;240.991;18.355;71.965;176.36.00;118.458;116.615;atletik;0
Jakarta Timur;Pasar Rebo;240.991;18.355;71.966;177.36.00;118.458;116.615;tenis meja;0
Jakarta Timur;Pasar Rebo;240.991;18.355;71.967;178.36.00;118.458;116.615;golf;0
Jakarta Timur;Pasar Rebo;240.991;18.355;71.968;179.36.00;118.458;116.615;senam;0
Jakarta Timur;Pasar Rebo;240.991;18.355;71.969;180.36.00;118.458;116.615;gedung olahraga;0
Jakarta Timur;Pasar Rebo;240.991;18.355;71.970;181.36.00;118.458;116.615;stadion;0
Jakarta Timur;Pasar Rebo;240.991;18.355;71.971;182.36.00;118.458;116.615;gelanggang kecamatan;1
Jakarta Timur;Pasar Rebo;240.991;18.355;71.972;183.36.00;118.458;116.615;gelanggang kotamadya;0
Jakarta Timur;Ciracas;325.827;19.342;97.103;229.353;159.363;157.276;tenis;1
Jakarta Timur;Ciracas;325.827;19.342;97.103;229.353;159.363;157.276;sepak bola;2
Jakarta Timur;Ciracas;325.827;19.342;97.103;229.353;159.363;157.276;kolam renang;1
Jakarta Timur;Ciracas;325.827;19.342;97.103;229.353;159.363;157.276;bola voli;0
Jakarta Timur;Ciracas;325.827;19.342;97.103;229.353;159.363;157.276;bulu tangkis;5
Jakarta Timur;Ciracas;325.827;19.342;97.103;229.353;159.363;157.276;basket;1
Jakarta Timur;Ciracas;325.827;19.342;97.103;229.353;159.363;157.276;atletik;0
Jakarta Timur;Ciracas;325.827;19.342;97.103;229.353;159.363;157.276;tenis meja;0
Jakarta Timur;Ciracas;325.827;19.342;97.103;229.353;159.363;157.276;golf;0
Jakarta Timur;Ciracas;325.827;19.342;97.103;229.353;159.363;157.276;senam;0
Jakarta Timur;Ciracas;325.827;19.342;97.103;229.353;159.363;157.276;gedung olahraga;1
Jakarta Timur;Ciracas;325.827;19.342;97.103;229.353;159.363;157.276;stadion;1
Jakarta Timur;Ciracas;325.827;19.342;97.103;229.353;159.363;157.276;gelanggang kecamatan;2
Jakarta Timur;Ciracas;325.827;19.342;97.103;229.353;159.363;157.276;gelanggang kotamadya;0
Jakarta Timur;Cipayung;303.806;10.796;91.496;214.526;146.814;144.602;tenis;0
Jakarta Timur;Cipayung;303.806;10.796;91.496;214.526;146.814;144.602;sepak bola;3
Jakarta Timur;Cipayung;303.806;10.796;91.496;214.526;146.814;144.602;kolam renang;0
Jakarta Timur;Cipayung;303.806;10.796;91.496;214.526;146.814;144.602;bola voli;1
Jakarta Timur;Cipayung;303.806;10.796;91.496;214.526;146.814;144.602;bulu tangkis;3
Jakarta Timur;Cipayung;303.806;10.796;91.496;214.526;146.814;144.602;basket;0
Jakarta Selatan;Cilandak;229.571;12.774;62.278;164.028;111.708;113.624;tenis;1
Jakarta Selatan;Cilandak;229.571;12.774;62.278;164.028;111.708;113.624;sepak bola;0
Jakarta Selatan;Cilandak;229.571;12.774;62.278;164.028;111.708;113.624;kolam renang;0
Jakarta Selatan;Cilandak;229.571;12.774;62.278;164.028;111.708;113.624;bola voli;2
Jakarta Selatan;Cilandak;229.571;12.774;62.278;164.028;111.708;113.624;bulu tangkis;5
Jakarta Selatan;Cilandak;229.571;12.774;62.278;164.028;111.708;113.624;basket;2
Jakarta Selatan;Cilandak;229.571;12.774;62.278;164.028;111.708;113.624;atletik;1
Jakarta Selatan;Cilandak;229.571;12.774;62.278;164.028;111.708;113.624;tenis meja;0
Jakarta Selatan;Cilandak;229.571;12.774;62.278;164.028;111.708;113.624;golf;0
Jakarta Selatan;Cilandak;229.571;12.774;62.278;164.028;111.708;113.624;senam;8
Jakarta Selatan;Cilandak;229.571;12.774;62.278;164.028;111.708;113.624;gedung olahraga;1
Jakarta Selatan;Cilandak;229.571;12.774;62.278;164.028;111.708;113.624;stadion;0
Jakarta Selatan;Cilandak;229.571;12.774;62.278;164.028;111.708;113.624;gelanggang kecamatan;1
Jakarta Selatan;Cilandak;229.571;12.774;62.278;164.028;111.708;113.624;gelanggang kotamadya;0
Jakarta Selatan;Jagakarsa;377.606;14.775;111.897;267.456;182.355;180.736;tenis;1
Jakarta Selatan;Jagakarsa;377.606;14.775;111.897;267.456;182.355;180.736;sepak bola;2
Jakarta Selatan;Jagakarsa;377.606;14.775;111.897;267.456;182.355;180.736;kolam renang;0
Jakarta Selatan;Jagakarsa;377.606;14.775;111.897;267.456;182.355;180.736;bola voli;2
Jakarta Selatan;Jagakarsa;377.606;14.775;111.897;267.456;182.355;180.736;bulu tangkis;4
Jakarta Selatan;Jagakarsa;377.606;14.775;111.897;267.456;182.355;180.736;basket;1
Jakarta Selatan;Jagakarsa;377.606;14.775;111.897;267.456;182.355;180.736;atletik;1
Jakarta Selatan;Jagakarsa;377.606;14.775;111.897;267.456;182.355;180.736;tenis meja;0
Jakarta Selatan;Jagakarsa;377.606;14.775;111.897;267.456;182.355;180.736;golf;0
Jakarta Selatan;Jagakarsa;377.606;14.775;111.897;267.456;182.355;180.736;senam;8
Jakarta Selatan;Jagakarsa;377.606;14.775;111.897;267.456;182.355;180.736;gedung olahraga;1
Jakarta Selatan;Jagakarsa;377.606;14.775;111.897;267.456;182.355;180.736;stadion;0
Jakarta Selatan;Jagakarsa;377.606;14.775;111.897;267.456;182.355;180.736;gelanggang kecamatan;1
Jakarta Selatan;Jagakarsa;377.606;14.775;111.897;267.456;182.355;180.736;gelanggang kotamadya;0
Jakarta Selatan;Kebayoran Baru;157.346;12.201;40.749;112.744;77.828;78.909;tenis;4
Jakarta Selatan;Kebayoran Baru;157.346;12.201;40.749;112.744;77.828;78.909;sepak bola;2
Jakarta Selatan;Kebayoran Baru;157.346;12.201;40.749;112.744;77.828;78.909;kolam renang;1
Jakarta Selatan;Kebayoran Baru;157.346;12.201;40.749;112.744;77.828;78.909;bola voli;4
Jakarta Selatan;Kebayoran Baru;157.346;12.201;40.749;112.744;77.828;78.909;bulu tangkis;5
Jakarta Selatan;Kebayoran Baru;157.346;12.201;40.749;112.744;77.828;78.909;basket;3
Jakarta Selatan;Kebayoran Baru;157.346;12.201;40.749;112.744;77.828;78.909;atletik;2
Jakarta Selatan;Kebayoran Baru;157.346;12.201;40.749;112.744;77.828;78.909;tenis meja;0
Jakarta Selatan;Kebayoran Baru;157.346;12.201;40.749;112.744;77.828;78.909;golf;0
Jakarta Selatan;Kebayoran Baru;157.346;12.201;40.749;112.744;77.828;78.909;senam;3
Jakarta Selatan;Kebayoran Baru;157.346;12.201;40.749;112.744;77.828;78.909;gedung olahraga;1
Jakarta Selatan;Kebayoran Baru;157.346;12.201;40.749;112.744;77.828;78.909;stadion;0
Jakarta Selatan;Kebayoran Baru;157.346;12.201;40.749;112.744;77.828;78.909;gelanggang kecamatan;1
Jakarta Selatan;Kebayoran Baru;157.346;12.201;40.749;112.744;77.828;78.909;gelanggang kotamadya;1
Jakarta Selatan;Kebayoran Lama;335.824;15.375;93.758;237.207;165.207;164.235;tenis;0
Jakarta Selatan;Kebayoran Lama;335.824;15.375;93.758;237.207;165.207;164.235;sepak bola;1
Jakarta Selatan;Kebayoran Lama;335.824;15.375;93.758;237.207;165.207;164.235;kolam renang;1
Jakarta Selatan;Kebayoran Lama;335.824;15.375;93.758;237.207;165.207;164.235;bola voli;1
Jakarta Selatan;Kebayoran Lama;335.824;15.375;93.758;237.207;165.207;164.235;bulu tangkis;4
Jakarta Selatan;Kebayoran Lama;335.824;15.375;93.758;237.207;165.207;164.235;basket;1
Jakarta Selatan;Kebayoran Lama;335.824;15.375;93.758;237.207;165.207;164.235;atletik;1
Jakarta Selatan;Kebayoran Lama;335.824;15.375;93.758;237.207;165.207;164.235;tenis meja;0
Jakarta Selatan;Kebayoran Lama;335.824;15.375;93.758;237.207;165.207;164.235;golf;1
Jakarta Selatan;Kebayoran Lama;335.824;15.375;93.758;237.207;165.207;164.235;senam;5
Jakarta Selatan;Kebayoran Lama;335.824;15.375;93.758;237.207;165.207;164.235;gedung olahraga;1
Jakarta Selatan;Kebayoran Lama;335.824;15.375;93.758;237.207;165.207;164.235;stadion;0
Jakarta Selatan;Kebayoran Lama;335.824;15.375;93.758;237.207;165.207;164.235;gelanggang kecamatan;1
Jakarta Selatan;Kebayoran Lama;335.824;15.375;93.758;237.207;165.207;164.235;gelanggang kotamadya;0
Jakarta Selatan;Mampang Prapatan;159.772;19.871;44.349;114.514;80.416;78.663;tenis;0
Jakarta Selatan;Mampang Prapatan;159.772;19.871;44.349;114.514;80.416;78.663;sepak bola;0
Jakarta Selatan;Mampang Prapatan;159.772;19.871;44.349;114.514;80.416;78.663;kolam renang;0
Jakarta Timur;Cipayung;303.806;10.796;91.496;214.526;146.814;144.602;atletik;0
Jakarta Timur;Cipayung;303.806;10.796;91.496;214.526;146.814;144.602;tenis meja;0
Jakarta Timur;Cipayung;303.806;10.796;91.496;214.526;146.814;144.602;golf;0
Jakarta Timur;Cipayung;303.806;10.796;91.496;214.526;146.814;144.602;senam;0
Jakarta Timur;Cipayung;303.806;10.796;91.496;214.526;146.814;144.602;gedung olahraga;0
Jakarta Timur;Cipayung;303.806;10.796;91.496;214.526;146.814;144.602;stadion;0
Jakarta Timur;Cipayung;303.806;10.796;91.496;214.526;146.814;144.602;gelanggang kecamatan;1
Jakarta Timur;Cipayung;303.806;10.796;91.496;214.526;146.814;144.602;gelanggang kotamadya;0
Jakarta Pusat;Cempaka Putih;98.714;20.931;25.778;70.938;51.053;51.220;tenis;0
Jakarta Pusat;Cempaka Putih;98.714;20.931;25.778;70.938;51.053;51.220;sepak bola;0
Jakarta Pusat;Cempaka Putih;98.714;20.931;25.778;70.938;51.053;51.220;kolam renang;0
Jakarta Pusat;Cempaka Putih;98.714;20.931;25.778;70.938;51.053;51.220;bola voli;0
Jakarta Pusat;Cempaka Putih;98.714;20.931;25.778;70.938;51.053;51.220;bulu tangkis;0
Jakarta Pusat;Cempaka Putih;98.714;20.931;25.778;70.938;51.053;51.220;basket;0
Jakarta Pusat;Cempaka Putih;98.714;20.931;25.778;70.938;51.053;51.220;atletik;0
Jakarta Pusat;Cempaka Putih;98.714;20.931;25.778;70.938;51.053;51.220;tenis meja;0
Jakarta Pusat;Cempaka Putih;98.714;20.931;25.778;70.938;51.053;51.220;golf;0
Jakarta Pusat;Cempaka Putih;98.714;20.931;25.778;70.938;51.053;51.220;senam;0
Jakarta Pusat;Cempaka Putih;98.714;20.931;25.778;70.938;51.053;51.220;gedung olahraga;0
Jakarta Pusat;Cempaka Putih;98.714;20.931;25.778;70.938;51.053;51.220;stadion;0
Jakarta Pusat;Cempaka Putih;98.714;20.931;25.778;70.938;51.053;51.220;gelanggang kecamatan;1
Jakarta Pusat;Cempaka Putih;98.714;20.931;25.778;70.938;51.053;51.220;gelanggang kotamadya;0
Jakarta Pusat;Johar Baru;140.465;58.750;39.857;99.772;74.092;72.068;tenis;0
Jakarta Pusat;Johar Baru;140.465;58.750;39.857;99.772;74.092;72.068;sepak bola;0
Jakarta Pusat;Johar Baru;140.465;58.750;39.857;99.772;74.092;72.068;kolam renang;0
Jakarta Pusat;Johar Baru;140.465;58.750;39.857;99.772;74.092;72.068;bola voli;0
Jakarta Pusat;Johar Baru;140.465;58.750;39.857;99.772;74.092;72.068;bulu tangkis;0
Jakarta Pusat;Johar Baru;140.465;58.750;39.857;99.772;74.092;72.068;basket;0
Jakarta Pusat;Johar Baru;140.465;58.750;39.857;99.772;74.092;72.068;atletik;0
Jakarta Pusat;Johar Baru;140.465;58.750;39.857;99.772;74.092;72.068;tenis meja;0
Jakarta Pusat;Johar Baru;140.465;58.750;39.857;99.772;74.092;72.068;golf;0
Jakarta Pusat;Johar Baru;140.465;58.750;39.857;99.772;74.092;72.068;senam;0
Jakarta Pusat;Johar Baru;140.465;58.750;39.857;99.772;74.092;72.068;gedung olahraga;0
Jakarta Pusat;Johar Baru;140.465;58.750;39.857;99.772;74.092;72.068;stadion;0
Jakarta Pusat;Johar Baru;140.465;58.750;39.857;99.772;74.092;72.068;gelanggang kecamatan;1
Jakarta Pusat;Johar Baru;140.465;58.750;39.857;99.772;74.092;72.068;gelanggang kotamadya;0
Jakarta Pusat;Kemayoran;257.370;35.697;71.905;182.977;134.099;132.210;tenis;0
Jakarta Pusat;Kemayoran;257.370;35.697;71.905;182.977;134.099;132.210;sepak bola;1
Jakarta Pusat;Kemayoran;257.370;35.697;71.905;182.977;134.099;132.210;kolam renang;0
Jakarta Pusat;Kemayoran;257.370;35.697;71.905;182.977;134.099;132.210;bola voli;0
Jakarta Pusat;Kemayoran;257.370;35.697;71.905;182.977;134.099;132.210;bulu tangkis;0
Jakarta Pusat;Kemayoran;257.370;35.697;71.905;182.977;134.099;132.210;basket;0
Jakarta Pusat;Kemayoran;257.370;35.697;71.905;182.977;134.099;132.210;atletik;0
Jakarta Pusat;Kemayoran;257.370;35.697;71.905;182.977;134.099;132.210;tenis meja;0
Jakarta Pusat;Kemayoran;257.370;35.697;71.905;182.977;134.099;132.210;golf;0
Jakarta Pusat;Kemayoran;257.370;35.697;71.905;182.977;134.099;132.210;senam;0
Jakarta Pusat;Kemayoran;257.370;35.697;71.905;182.977;134.099;132.210;gedung olahraga;0
Jakarta Pusat;Kemayoran;257.370;35.697;71.905;182.977;134.099;132.210;stadion;0
Jakarta Pusat;Kemayoran;257.370;35.697;71.905;182.977;134.099;132.210;gelanggang kecamatan;1
Jakarta Pusat;Kemayoran;257.370;35.697;71.905;182.977;134.099;132.210;gelanggang kotamadya;0
Jakarta Pusat;Gambir;96.281;12.651;23.795;68.393;51.577;50.613;tenis;0
Jakarta Pusat;Gambir;96.281;12.651;23.795;68.393;51.577;50.613;sepak bola;0
Jakarta Pusat;Gambir;96.281;12.651;23.795;68.393;51.577;50.613;kolam renang;1
Jakarta Pusat;Gambir;96.281;12.651;23.795;68.393;51.577;50.613;bola voli;0
Jakarta Pusat;Gambir;96.281;12.651;23.795;68.393;51.577;50.613;bulu tangkis;0
Jakarta Pusat;Gambir;96.281;12.651;23.795;68.393;51.577;50.613;basket;0
Jakarta Pusat;Gambir;96.281;12.651;23.795;68.393;51.577;50.613;atletik;0
Jakarta Pusat;Gambir;96.281;12.651;23.795;68.393;51.577;50.613;tenis meja;1
Jakarta Pusat;Gambir;96.281;12.651;23.795;68.393;51.577;50.613;golf;0
Jakarta Pusat;Gambir;96.281;12.651;23.795;68.393;51.577;50.613;senam;0
Jakarta Pusat;Gambir;96.281;12.651;23.795;68.393;51.577;50.613;gedung olahraga;1
Jakarta Pusat;Gambir;96.281;12.651;23.795;68.393;51.577;50.613;stadion;1
Jakarta Pusat;Gambir;96.281;12.651;23.795;68.393;51.577;50.613;gelanggang kecamatan;0
Jakarta Pusat;Gambir;96.281;12.651;23.795;68.393;51.577;50.613;gelanggang kotamadya;0
Jakarta Pusat;Menteng;88.263;13.393;22.805;62.762;46.334;45.732;tenis;0
Jakarta Pusat;Menteng;88.263;13.393;22.805;62.762;46.334;45.732;sepak bola;0
Jakarta Pusat;Menteng;88.263;13.393;22.805;62.762;46.334;45.732;kolam renang;0
Jakarta Pusat;Menteng;88.263;13.393;22.805;62.762;46.334;45.732;bola voli;0
Jakarta Pusat;Menteng;88.263;13.393;22.805;62.762;46.334;45.732;bulu tangkis;0
Jakarta Pusat;Menteng;88.263;13.393;22.805;62.762;46.334;45.732;basket;0
Jakarta Pusat;Menteng;88.263;13.393;22.805;62.762;46.334;45.732;atletik;0
Jakarta Pusat;Menteng;88.263;13.393;22.805;62.762;46.334;45.732;tenis meja;0
Jakarta Pusat;Menteng;88.263;13.393;22.805;62.762;46.334;45.732;golf;0
Jakarta Pusat;Menteng;88.263;13.393;22.805;62.762;46.334;45.732;senam;0
Jakarta Pusat;Menteng;88.263;13.393;22.805;62.762;46.334;45.732;gedung olahraga;0
Jakarta Pusat;Menteng;88.263;13.393;22.805;62.762;46.334;45.732;stadion;0
Jakarta Pusat;Menteng;88.263;13.393;22.805;62.762;46.334;45.732;gelanggang kecamatan;0
Jakarta Pusat;Menteng;88.263;13.393;22.805;62.762;46.334;45.732;gelanggang kotamadya;0
Jakarta Pusat;Senen;125.133;28.353;33.597;88.897;65.484;63.871;tenis;0
Jakarta Pusat;Senen;125.133;28.353;33.597;88.897;65.484;63.871;sepak bola;0
Jakarta Pusat;Senen;125.133;28.353;33.597;88.897;65.484;63.871;kolam renang;1
Jakarta Pusat;Senen;125.133;28.353;33.597;88.897;65.484;63.871;bola voli;0
Jakarta Pusat;Senen;125.133;28.353;33.597;88.897;65.484;63.871;bulu tangkis;0
Jakarta Pusat;Senen;125.133;28.353;33.597;88.897;65.484;63.871;basket;0
Jakarta Pusat;Senen;125.133;28.353;33.597;88.897;65.484;63.871;atletik;0
Jakarta Pusat;Senen;125.133;28.353;33.597;88.897;65.484;63.871;tenis meja;0
Jakarta Pusat;Senen;125.133;28.353;33.597;88.897;65.484;63.871;golf;0
Jakarta Pusat;Senen;125.133;28.353;33.597;88.897;65.484;63.871;senam;0
Jakarta Pusat;Senen;125.133;28.353;33.597;88.897;65.484;63.871;gedung olahraga;1
Jakarta Pusat;Senen;125.133;28.353;33.597;88.897;65.484;63.871;stadion;0
Jakarta Pusat;Senen;125.133;28.353;33.597;88.897;65.484;63.871;gelanggang kecamatan;0
Jakarta Pusat;Senen;125.133;28.353;33.597;88.897;65.484;63.871;gelanggang kotamadya;0
Jakarta Pusat;Tanah Abang;175.111;17.271;49.477;123.715;91.772;89.724;tenis;0
Jakarta Pusat;Tanah Abang;175.111;17.271;49.477;123.715;91.772;89.724;sepak bola;2
Jakarta Pusat;Tanah Abang;175.111;17.271;49.477;123.715;91.772;89.724;kolam renang;0
Jakarta Pusat;Tanah Abang;175.111;17.271;49.477;123.715;91.772;89.724;bola voli;0
Jakarta Pusat;Tanah Abang;175.111;17.271;49.477;123.715;91.772;89.724;bulu tangkis;0
Jakarta Pusat;Tanah Abang;175.111;17.271;49.477;123.715;91.772;89.724;basket;0
Jakarta Pusat;Tanah Abang;175.111;17.271;49.477;123.715;91.772;89.724;atletik;0
Jakarta Pusat;Tanah Abang;175.111;17.271;49.477;123.715;91.772;89.724;tenis meja;0
Jakarta Pusat;Tanah Abang;175.111;17.271;49.477;123.715;91.772;89.724;golf;0
Jakarta Pusat;Tanah Abang;175.111;17.271;49.477;123.715;91.772;89.724;senam;0
Jakarta Pusat;Tanah Abang;175.111;17.271;49.477;123.715;91.772;89.724;gedung olahraga;0
Jakarta Pusat;Tanah Abang;175.111;17.271;49.477;123.715;91.772;89.724;stadion;0
Jakarta Pusat;Tanah Abang;175.111;17.271;49.477;123.715;91.772;89.724;gelanggang kecamatan;1
Jakarta Pusat;Tanah Abang;175.111;17.271;49.477;123.715;91.772;89.724;gelanggang kotamadya;0
Jakarta Pusat;Sawah Besar;126.543;23.237;30.927;89.710;66.876;66.674;tenis;0
Jakarta Pusat;Sawah Besar;126.543;23.237;30.927;89.710;66.876;66.674;sepak bola;0
Jakarta Pusat;Sawah Besar;126.543;23.237;30.927;89.710;66.876;66.674;kolam renang;0
Jakarta Pusat;Sawah Besar;126.543;23.237;30.927;89.710;66.876;66.674;bola voli;0
Jakarta Pusat;Sawah Besar;126.543;23.237;30.927;89.710;66.876;66.674;bulu tangkis;0
Jakarta Pusat;Sawah Besar;126.543;23.237;30.927;89.710;66.876;66.674;basket;0
Jakarta Pusat;Sawah Besar;126.543;23.237;30.927;89.710;66.876;66.674;atletik;0
Jakarta Pusat;Sawah Besar;126.543;23.237;30.927;89.710;66.876;66.674;tenis meja;0
Jakarta Pusat;Sawah Besar;126.543;23.237;30.927;89.710;66.876;66.674;golf;0
Jakarta Pusat;Sawah Besar;126.543;23.237;30.927;89.710;66.876;66.674;senam;0
Jakarta Pusat;Sawah Besar;126.543;23.237;30.927;89.710;66.876;66.674;gedung olahraga;0
Jakarta Pusat;Sawah Besar;126.543;23.237;30.927;89.710;66.876;66.674;stadion;1
Jakarta Pusat;Sawah Besar;126.543;23.237;30.927;89.710;66.876;66.674;gelanggang kecamatan;1
Jakarta Pusat;Sawah Besar;126.543;23.237;30.927;89.710;66.876;66.674;gelanggang kotamadya;0
Jakarta Barat;Grogol Petamburan;239.061;21.805;60.927;168.778;119.364;120.651;tenis;0
Jakarta Barat;Grogol Petamburan;239.061;21.805;60.927;168.778;119.364;120.651;sepak bola;0
Jakarta Barat;Grogol Petamburan;239.061;21.805;60.927;168.778;119.364;120.651;kolam renang;1
Jakarta Barat;Grogol Petamburan;239.061;21.805;60.927;168.778;119.364;120.651;bola voli;1
Jakarta Barat;Grogol Petamburan;239.061;21.805;60.927;168.778;119.364;120.651;bulu tangkis;3
Jakarta Barat;Grogol Petamburan;239.061;21.805;60.927;168.778;119.364;120.651;basket;1
Jakarta Barat;Grogol Petamburan;239.061;21.805;60.927;168.778;119.364;120.651;atletik;0
Jakarta Barat;Grogol Petamburan;239.061;21.805;60.927;168.778;119.364;120.651;tenis meja;0
Jakarta Barat;Grogol Petamburan;239.061;21.805;60.927;168.778;119.364;120.651;golf;0
Jakarta Barat;Grogol Petamburan;239.061;21.805;60.927;168.778;119.364;120.651;senam;0
Jakarta Barat;Grogol Petamburan;239.061;21.805;60.927;168.778;119.364;120.651;gedung olahraga;1
Jakarta Barat;Grogol Petamburan;239.061;21.805;60.927;168.778;119.364;120.651;stadion;0
Jakarta Barat;Grogol Petamburan;239.061;21.805;60.927;168.778;119.364;120.651;gelanggang kecamatan;7
Jakarta Barat;Grogol Petamburan;239.061;21.805;60.927;168.778;119.364;120.651;gelanggang kotamadya;1
Jakarta Barat;Grogol Petamburan;239.061;21.805;60.927;168.778;119.364;120.651;tenis;0
Jakarta Barat;Grogol Petamburan;239.061;21.805;60.927;168.778;119.364;120.651;sepak bola;0
Jakarta Barat;Grogol Petamburan;239.061;21.805;60.927;168.778;119.364;120.651;kolam renang;0
Jakarta Barat;Grogol Petamburan;239.061;21.805;60.927;168.778;119.364;120.651;bola voli;0
Jakarta Barat;Grogol Petamburan;239.061;21.805;60.927;168.778;119.364;120.651;bulu tangkis;5
Jakarta Barat;Grogol Petamburan;239.061;21.805;60.927;168.778;119.364;120.651;basket;0
Jakarta Barat;Grogol Petamburan;239.061;21.805;60.927;168.778;119.364;120.651;atletik;0
Jakarta Barat;Grogol Petamburan;239.061;21.805;60.927;168.778;119.364;120.651;tenis meja;0
Jakarta Barat;Grogol Petamburan;239.061;21.805;60.927;168.778;119.364;120.651;golf;0
Jakarta Barat;Grogol Petamburan;239.061;21.805;60.927;168.778;119.364;120.651;senam;0
Jakarta Barat;Grogol Petamburan;239.061;21.805;60.927;168.778;119.364;120.651;gedung olahraga;0
Jakarta Barat;Grogol Petamburan;239.061;21.805;60.927;168.778;119.364;120.651;stadion;0
Jakarta Barat;Grogol Petamburan;239.061;21.805;60.927;168.778;119.364;120.651;gelanggang kecamatan;1
Jakarta Barat;Grogol Petamburan;239.061;21.805;60.927;168.778;119.364;120.651;gelanggang kotamadya;0
Jakarta Barat;Palmerah;235.100;31.581;67.285;166.395;117.693;115.181;tenis;2
Jakarta Barat;Palmerah;235.100;31.581;67.285;166.395;117.693;115.181;sepak bola;1
Jakarta Barat;Palmerah;235.100;31.581;67.285;166.395;117.693;115.181;kolam renang;0
Jakarta Barat;Palmerah;235.100;31.581;67.285;166.395;117.693;115.181;bola voli;1
Jakarta Barat;Palmerah;235.100;31.581;67.285;166.395;117.693;115.181;bulu tangkis;3
Jakarta Barat;Palmerah;235.100;31.581;67.285;166.395;117.693;115.181;basket;2
Jakarta Barat;Palmerah;235.100;31.581;67.285;166.395;117.693;115.181;atletik;1
Jakarta Barat;Palmerah;235.100;31.581;67.285;166.395;117.693;115.181;tenis meja;0
Jakarta Barat;Palmerah;235.100;31.581;67.285;166.395;117.693;115.181;golf;0
Jakarta Barat;Palmerah;235.100;31.581;67.285;166.395;117.693;115.181;senam;0
Jakarta Barat;Palmerah;235.100;31.581;67.285;166.395;117.693;115.181;gedung olahraga;0
Jakarta Barat;Palmerah;235.100;31.581;67.285;166.395;117.693;115.181;stadion;0
Jakarta Barat;Palmerah;235.100;31.581;67.285;166.395;117.693;115.181;gelanggang kecamatan;1
Jakarta Barat;Palmerah;235.100;31.581;67.285;166.395;117.693;115.181;gelanggang kotamadya;0
Jakarta Barat;Kebon Jeruk;368.839;21.234;105.061;258.579;182.024;180.875;tenis;0
Jakarta Barat;Kebon Jeruk;368.839;21.234;105.061;258.579;182.024;180.875;sepak bola;1
Jakarta Barat;Kebon Jeruk;368.839;21.234;105.061;258.579;182.024;180.875;kolam renang;0
Jakarta Barat;Kebon Jeruk;368.839;21.234;105.061;258.579;182.024;180.875;bola voli;1
Jakarta Barat;Kebon Jeruk;368.839;21.234;105.061;258.579;182.024;180.875;bulu tangkis;4
Jakarta Barat;Kebon Jeruk;368.839;21.234;105.061;258.579;182.024;180.875;basket;1
Jakarta Barat;Kebon Jeruk;368.839;21.234;105.061;258.579;182.024;180.875;atletik;1
Jakarta Barat;Kebon Jeruk;368.839;21.234;105.061;258.579;182.024;180.875;tenis meja;2
Jakarta Barat;Kebon Jeruk;368.839;21.234;105.061;258.579;182.024;180.875;golf;0
Jakarta Barat;Kebon Jeruk;368.839;21.234;105.061;258.579;182.024;180.875;senam;0
Jakarta Barat;Kebon Jeruk;368.839;21.234;105.061;258.579;182.024;180.875;gedung olahraga;0
Jakarta Barat;Kebon Jeruk;368.839;21.234;105.061;258.579;182.024;180.875;stadion;1
Jakarta Barat;Kebon Jeruk;368.839;21.234;105.061;258.579;182.024;180.875;gelanggang kecamatan;1
Jakarta Barat;Kebon Jeruk;368.839;21.234;105.061;258.579;182.024;180.875;gelanggang kotamadya;0
Jakarta Barat;Kembangan;313.599;12.300;91.446;219.593;153.003;151.812;tenis;0
Jakarta Barat;Kembangan;313.599;12.300;91.446;219.593;153.003;151.812;sepak bola;0
Jakarta Barat;Kembangan;313.599;12.300;91.446;219.593;153.003;151.812;kolam renang;0
Jakarta Barat;Kembangan;313.599;12.300;91.446;219.593;153.003;151.812;bola voli;1
Jakarta Barat;Kembangan;313.599;12.300;91.446;219.593;153.003;151.812;bulu tangkis;3
Jakarta Barat;Kembangan;313.599;12.300;91.446;219.593;153.003;151.812;basket;1
Jakarta Barat;Kembangan;313.599;12.300;91.446;219.593;153.003;151.812;atletik;1
Jakarta Barat;Kembangan;313.599;12.300;91.446;219.593;153.003;151.812;tenis meja;1
Jakarta Barat;Kembangan;313.599;12.300;91.446;219.593;153.003;151.812;golf;0
Jakarta Barat;Kembangan;313.599;12.300;91.446;219.593;153.003;151.812;senam;0
Jakarta Barat;Kembangan;313.599;12.300;91.446;219.593;153.003;151.812;gedung olahraga;0
Jakarta Barat;Kembangan;313.599;12.300;91.446;219.593;153.003;151.812;stadion;1
Jakarta Barat;Kembangan;313.599;12.300;91.446;219.593;153.003;151.812;gelanggang kecamatan;1
Jakarta Barat;Kembangan;313.599;12.300;91.446;219.593;153.003;151.812;gelanggang kotamadya;0
Jakarta Barat;Cengkareng;590.335;22.234;178.398;416.995;291.890;284.326;tenis;1
Jakarta Barat;Cengkareng;590.335;22.234;178.398;416.995;291.890;284.326;sepak bola;1
Jakarta Barat;Cengkareng;590.335;22.234;178.398;416.995;291.890;284.326;kolam renang;0
Jakarta Barat;Cengkareng;590.335;22.234;178.398;416.995;291.890;284.326;bola voli;5
Jakarta Barat;Cengkareng;590.335;22.234;178.398;416.995;291.890;284.326;bulu tangkis;9
Jakarta Barat;Cengkareng;590.335;22.234;178.398;416.995;291.890;284.326;basket;2
Jakarta Barat;Cengkareng;590.335;22.234;178.398;416.995;291.890;284.326;atletik;1
Jakarta Barat;Cengkareng;590.335;22.234;178.398;416.995;291.890;284.326;tenis meja;5
Jakarta Barat;Cengkareng;590.335;22.234;178.398;416.995;291.890;284.326;golf;0
Jakarta Barat;Cengkareng;590.335;22.234;178.398;416.995;291.890;284.326;senam;0
Jakarta Barat;Cengkareng;590.335;22.234;178.398;416.995;291.890;284.326;gedung olahraga;1
Jakarta Barat;Cengkareng;590.335;22.234;178.398;416.995;291.890;284.326;stadion;1
Jakarta Barat;Cengkareng;590.335;22.234;178.398;416.995;291.890;284.326;gelanggang kecamatan;1
Jakarta Barat;Cengkareng;590.335;22.234;178.398;416.995;291.890;284.326;gelanggang kotamadya;0
Jakarta Barat;Kalideres;464.568;16.135;140.605;330.280;227.626;222.320;tenis;0
Jakarta Barat;Kalideres;464.568;16.135;140.605;330.280;227.626;222.320;sepak bola;2
Jakarta Barat;Kalideres;464.568;16.135;140.605;330.280;227.626;222.320;kolam renang;0
Jakarta Barat;Kalideres;464.568;16.135;140.605;330.280;227.626;222.320;bola voli;1
Jakarta Barat;Kalideres;464.568;16.135;140.605;330.280;227.626;222.320;bulu tangkis;4
Jakarta Barat;Kalideres;464.568;16.135;140.605;330.280;227.626;222.320;basket;1
Jakarta Barat;Kalideres;464.568;16.135;140.605;330.280;227.626;222.320;atletik;0
Jakarta Barat;Kalideres;464.568;16.135;140.605;330.280;227.626;222.320;tenis meja;0
Jakarta Barat;Kalideres;464.568;16.135;140.605;330.280;227.626;222.320;golf;0
Jakarta Barat;Kalideres;464.568;16.135;140.605;330.280;227.626;222.320;senam;0
Jakarta Barat;Kalideres;464.568;16.135;140.605;330.280;227.626;222.320;gedung olahraga;0
Jakarta Barat;Kalideres;464.568;16.135;140.605;330.280;227.626;222.320;stadion;0
Jakarta Barat;Kalideres;464.568;16.135;140.605;330.280;227.626;222.320;gelanggang kecamatan;1
Jakarta Barat;Kalideres;464.568;16.135;140.605;330.280;227.626;222.320;gelanggang kotamadya;0
Jakarta Barat;Tambora;270.036;49.788;72.022;192.211;139.096;134.235;tenis;0
Jakarta Barat;Tambora;270.036;49.788;72.022;192.211;139.096;134.235;sepak bola;1
Jakarta Barat;Tambora;270.036;49.788;72.022;192.211;139.096;134.235;kolam renang;0
Jakarta Barat;Tambora;270.036;49.788;72.022;192.211;139.096;134.235;bola voli;0
Jakarta Barat;Tambora;270.036;49.788;72.022;192.211;139.096;134.235;bulu tangkis;4
Jakarta Barat;Tambora;270.036;49.788;72.022;192.211;139.096;134.235;basket;0
Jakarta Barat;Tambora;270.036;49.788;72.022;192.211;139.096;134.235;atletik;0
Jakarta Barat;Tambora;270.036;49.788;72.022;192.211;139.096;134.235;tenis meja;0
Jakarta Barat;Tambora;270.036;49.788;72.022;192.211;139.096;134.235;golf;0
Jakarta Barat;Tambora;270.036;49.788;72.022;192.211;139.096;134.235;senam;0
Jakarta Barat;Tambora;270.036;49.788;72.022;192.211;139.096;134.235;gedung olahraga;0
Jakarta Barat;Tambora;270.036;49.788;72.022;192.211;139.096;134.235;stadion;0
Jakarta Barat;Tambora;270.036;49.788;72.022;192.211;139.096;134.235;gelanggang kecamatan;1
Jakarta Barat;Tambora;270.036;49.788;72.022;192.211;139.096;134.235;gelanggang kotamadya;0
Jakarta Barat;Tamansari;128.026;27.850;31.165;90.188;64.572;64.794;tenis;0
Jakarta Barat;Tamansari;128.026;27.850;31.165;90.188;64.572;64.794;sepak bola;0
Jakarta Barat;Tamansari;128.026;27.850;31.165;90.188;64.572;64.794;kolam renang;0
Jakarta Barat;Tamansari;128.026;27.850;31.165;90.188;64.572;64.794;bola voli;0
Jakarta Barat;Tamansari;128.026;27.850;31.165;90.188;64.572;64.794;bulu tangkis;0
Jakarta Barat;Tamansari;128.026;27.850;31.165;90.188;64.572;64.794;basket;0
Jakarta Barat;Tamansari;128.026;27.850;31.165;90.188;64.572;64.794;atletik;0
Jakarta Barat;Tamansari;128.026;27.850;31.165;90.188;64.572;64.794;tenis meja;0
Jakarta Barat;Tamansari;128.026;27.850;31.165;90.188;64.572;64.794;golf;0
Jakarta Barat;Tamansari;128.026;27.850;31.165;90.188;64.572;64.794;senam;0
Jakarta Barat;Tamansari;128.026;27.850;31.165;90.188;64.572;64.794;gedung olahraga;0
Jakarta Barat;Tamansari;128.026;27.850;31.165;90.188;64.572;64.794;stadion;1
Jakarta Barat;Tamansari;128.026;27.850;31.165;90.188;64.572;64.794;gelanggang kecamatan;0
Jakarta Barat;Tamansari;128.026;27.850;31.165;90.188;64.572;64.794;gelanggang kotamadya;0
Jakarta Utara;Tanjung Priok;422.294;18.719;123.235;297.180;211.367;208.188;tenis;1
Jakarta Utara;Tanjung Priok;422.294;18.719;123.235;297.180;211.367;208.188;sepak bola;3
Jakarta Utara;Tanjung Priok;422.294;18.719;123.235;297.180;211.367;208.188;kolam renang;1
Jakarta Utara;Tanjung Priok;422.294;18.719;123.235;297.180;211.367;208.188;bola voli;5
Jakarta Utara;Tanjung Priok;422.294;18.719;123.235;297.180;211.367;208.188;bulu tangkis;23
Jakarta Utara;Tanjung Priok;422.294;18.719;123.235;297.180;211.367;208.188;basket;2
Jakarta Utara;Tanjung Priok;422.294;18.719;123.235;297.180;211.367;208.188;atletik;0
Jakarta Utara;Tanjung Priok;422.294;18.719;123.235;297.180;211.367;208.188;tenis meja;5
Jakarta Utara;Tanjung Priok;422.294;18.719;123.235;297.180;211.367;208.188;golf;0
Jakarta Utara;Tanjung Priok;422.294;18.719;123.235;297.180;211.367;208.188;senam;0
Jakarta Utara;Tanjung Priok;422.294;18.719;123.235;297.180;211.367;208.188;gedung olahraga;6
Jakarta Utara;Tanjung Priok;422.294;18.719;123.235;297.180;211.367;208.188;stadion;0
Jakarta Utara;Tanjung Priok;422.294;18.719;123.235;297.180;211.367;208.188;gelanggang kecamatan;6
Jakarta Utara;Tanjung Priok;422.294;18.719;123.235;297.180;211.367;208.188;gelanggang kotamadya;1
Jakarta Utara;Cilincing;453.027;10.866;147.226;313.222;222.524;217.711;tenis;0
Jakarta Utara;Cilincing;453.027;10.866;147.226;313.222;222.524;217.711;sepak bola;2
Jakarta Utara;Cilincing;453.027;10.866;147.226;313.222;222.524;217.711;kolam renang;0
Jakarta Utara;Cilincing;453.027;10.866;147.226;313.222;222.524;217.711;bola voli;1
Jakarta Utara;Cilincing;453.027;10.866;147.226;313.222;222.524;217.711;bulu tangkis;4
Jakarta Utara;Cilincing;453.027;10.866;147.226;313.222;222.524;217.711;basket;1
Jakarta Utara;Cilincing;453.027;10.866;147.226;313.222;222.524;217.711;atletik;0
Jakarta Utara;Cilincing;453.027;10.866;147.226;313.222;222.524;217.711;tenis meja;0
Jakarta Utara;Cilincing;453.027;10.866;147.226;313.222;222.524;217.711;golf;0
Jakarta Utara;Cilincing;453.027;10.866;147.226;313.222;222.524;217.711;senam;0
Jakarta Utara;Cilincing;453.027;10.866;147.226;313.222;222.524;217.711;gedung olahraga;0
Jakarta Utara;Cilincing;453.027;10.866;147.226;313.222;222.524;217.711;stadion;0
Jakarta Utara;Cilincing;453.027;10.866;147.226;313.222;222.524;217.711;gelanggang kecamatan;0
Jakarta Utara;Cilincing;453.027;10.866;147.226;313.222;222.524;217.711;gelanggang kotamadya;0
Jakarta Utara;Koja;352.474;30.481;112.003;244.041;176.790;172.014;tenis;2
Jakarta Utara;Koja;352.474;30.481;112.003;244.041;176.790;172.014;sepak bola;2
Jakarta Utara;Koja;352.474;30.481;112.003;244.041;176.790;172.014;kolam renang;2
Jakarta Utara;Koja;352.474;30.481;112.003;244.041;176.790;172.014;bola voli;0
Jakarta Utara;Koja;352.474;30.481;112.003;244.041;176.790;172.014;bulu tangkis;0
Jakarta Utara;Koja;352.474;30.481;112.003;244.041;176.790;172.014;basket;0
Jakarta Utara;Koja;352.474;30.481;112.003;244.041;176.790;172.014;atletik;2
Jakarta Utara;Koja;352.474;30.481;112.003;244.041;176.790;172.014;tenis meja;0
Jakarta Utara;Koja;352.474;30.481;112.003;244.041;176.790;172.014;golf;0
Jakarta Utara;Koja;352.474;30.481;112.003;244.041;176.790;172.014;senam;0
Jakarta Utara;Koja;352.474;30.481;112.003;244.041;176.790;172.014;gedung olahraga;0
Jakarta Utara;Koja;352.474;30.481;112.003;244.041;176.790;172.014;stadion;0
Jakarta Utara;Koja;352.474;30.481;112.003;244.041;176.790;172.014;gelanggang kecamatan;0
Jakarta Utara;Koja;352.474;30.481;112.003;244.041;176.790;172.014;gelanggang kotamadya;0
Jakarta Utara;Kelapa Gading;146.301;8.953;36.155;102.603;70.582;73.394;tenis;7
Jakarta Utara;Kelapa Gading;146.301;8.953;36.155;102.603;70.582;73.394;sepak bola;0
Jakarta Utara;Kelapa Gading;146.301;8.953;36.155;102.603;70.582;73.394;kolam renang;0
Jakarta Utara;Kelapa Gading;146.301;8.953;36.155;102.603;70.582;73.394;bola voli;1
Jakarta Utara;Kelapa Gading;146.301;8.953;36.155;102.603;70.582;73.394;bulu tangkis;0
Jakarta Utara;Kelapa Gading;146.301;8.953;36.155;102.603;70.582;73.394;basket;1
Jakarta Utara;Kelapa Gading;146.301;8.953;36.155;102.603;70.582;73.394;atletik;0
Jakarta Utara;Kelapa Gading;146.301;8.953;36.155;102.603;70.582;73.394;tenis meja;0
Jakarta Utara;Kelapa Gading;146.301;8.953;36.155;102.603;70.582;73.394;golf;0
Jakarta Utara;Kelapa Gading;146.301;8.953;36.155;102.603;70.582;73.394;senam;0
Jakarta Utara;Kelapa Gading;146.301;8.953;36.155;102.603;70.582;73.394;gedung olahraga;1
Jakarta Utara;Kelapa Gading;146.301;8.953;36.155;102.603;70.582;73.394;stadion;0
Jakarta Utara;Kelapa Gading;146.301;8.953;36.155;102.603;70.582;73.394;gelanggang kecamatan;0
Jakarta Utara;Kelapa Gading;146.301;8.953;36.155;102.603;70.582;73.394;gelanggang kotamadya;0
Jakarta Utara;Tanjung Priok;422.294;18.719;123.235;297.180;211.367;208.188;tenis;0
Jakarta Utara;Tanjung Priok;422.294;18.719;123.235;297.180;211.367;208.188;sepak bola;1
Jakarta Utara;Tanjung Priok;422.294;18.719;123.235;297.180;211.367;208.188;kolam renang;2
Jakarta Utara;Tanjung Priok;422.294;18.719;123.235;297.180;211.367;208.188;bola voli;0
Jakarta Utara;Tanjung Priok;422.294;18.719;123.235;297.180;211.367;208.188;bulu tangkis;4
Jakarta Utara;Tanjung Priok;422.294;18.719;123.235;297.180;211.367;208.188;basket;0
Jakarta Utara;Tanjung Priok;422.294;18.719;123.235;297.180;211.367;208.188;atletik;0
Jakarta Utara;Tanjung Priok;422.294;18.719;123.235;297.180;211.367;208.188;tenis meja;0
Jakarta Utara;Tanjung Priok;422.294;18.719;123.235;297.180;211.367;208.188;golf;0
Jakarta Utara;Tanjung Priok;422.294;18.719;123.235;297.180;211.367;208.188;senam;0
Jakarta Utara;Tanjung Priok;422.294;18.719;123.235;297.180;211.367;208.188;gedung olahraga;0
Jakarta Utara;Tanjung Priok;422.294;18.719;123.235;297.180;211.367;208.188;stadion;0
Jakarta Utara;Tanjung Priok;422.294;18.719;123.235;297.180;211.367;208.188;gelanggang kecamatan;0
Jakarta Utara;Tanjung Priok;422.294;18.719;123.235;297.180;211.367;208.188;gelanggang kotamadya;0
Jakarta Utara;Pademangan;171.335;13.815;49.003;120.754;86.127;83.300;tenis;0
Jakarta Utara;Pademangan;171.335;13.815;49.003;120.754;86.127;83.300;sepak bola;0
Jakarta Utara;Pademangan;171.335;13.815;49.003;120.754;86.127;83.300;kolam renang;0
Jakarta Utara;Pademangan;171.335;13.815;49.003;120.754;86.127;83.300;bola voli;0
Jakarta Utara;Pademangan;171.335;13.815;49.003;120.754;86.127;83.300;bulu tangkis;0
Jakarta Utara;Pademangan;171.335;13.815;49.003;120.754;86.127;83.300;basket;0
Jakarta Utara;Pademangan;171.335;13.815;49.003;120.754;86.127;83.300;atletik;0
Jakarta Utara;Pademangan;171.335;13.815;49.003;120.754;86.127;83.300;tenis meja;0
Jakarta Utara;Pademangan;171.335;13.815;49.003;120.754;86.127;83.300;golf;0
Jakarta Utara;Pademangan;171.335;13.815;49.003;120.754;86.127;83.300;senam;0
Jakarta Utara;Pademangan;171.335;13.815;49.003;120.754;86.127;83.300;gedung olahraga;1
Jakarta Utara;Pademangan;171.335;13.815;49.003;120.754;86.127;83.300;stadion;0
Jakarta Utara;Pademangan;171.335;13.815;49.003;120.754;86.127;83.300;gelanggang kecamatan;0
Jakarta Utara;Pademangan;171.335;13.815;49.003;120.754;86.127;83.300;gelanggang kotamadya;0
Jakarta Utara;Penjaringan;329.789;8.982;92.379;230.585;162.640;158.900;tenis;0
Jakarta Utara;Penjaringan;329.789;8.982;92.379;230.585;162.640;158.900;sepak bola;2
Jakarta Utara;Penjaringan;329.789;8.982;92.379;230.585;162.640;158.900;kolam renang;0
Jakarta Utara;Penjaringan;329.789;8.982;92.379;230.585;162.640;158.900;bola voli;2
Jakarta Utara;Penjaringan;329.789;8.982;92.379;230.585;162.640;158.900;bulu tangkis;2
Jakarta Utara;Penjaringan;329.789;8.982;92.379;230.585;162.640;158.900;basket;1
Jakarta Utara;Penjaringan;329.789;8.982;92.379;230.585;162.640;158.900;atletik;0
Jakarta Utara;Penjaringan;329.789;8.982;92.379;230.585;162.640;158.900;tenis meja;0
Jakarta Utara;Penjaringan;329.789;8.982;92.379;230.585;162.640;158.900;golf;0
Jakarta Utara;Penjaringan;329.789;8.982;92.379;230.585;162.640;158.900;senam;0
Jakarta Utara;Penjaringan;329.789;8.982;92.379;230.585;162.640;158.900;gedung olahraga;0
Jakarta Utara;Penjaringan;329.789;8.982;92.379;230.585;162.640;158.900;stadion;0
Jakarta Utara;Penjaringan;329.789;8.982;92.379;230.585;162.640;158.900;gelanggang kecamatan;0
Jakarta Utara;Penjaringan;329.789;8.982;92.379;230.585;162.640;158.900;gelanggang kotamadya;0